Workbook

Sheet Estimator
A1: EDC Plastic Cost Estimator v1.1
A2: Enter fuse and relay counts. Get housing + cover size, weight and per-part cost.
A3: Legend: yellow cells with blue text are inputs; everything else is calculated. Material and molding assumptions live on the Assumptions tab.
A5: Inputs | D5: Results
A6: Fuses | B6: Count | D6: Plastic cost per EDC set | E6: =Calc!B79
A7: Micro2 | B7: 20 | D7: Total plastic (g) | E7: =Calc!B80
A8: Micro3 | B8: 10 | D8: Outer footprint L (mm) | E8: =Calc!B27
A9: M-Case | B9: 6 | D9: Outer footprint W (mm) | E9: =Calc!B28
A10: A1S (placeholder size) | B10: 2 | D10: Stack height (mm) | E10: =Calc!B81
A11: PCB relays | B11: Count
A12: Micro PCB relay (up to 35 A) | B12: 8 | D12: Marginal cost
A13: Mini PCB relay (35-70 A) | B13: 4 | D13: Each extra Micro2 adds | E13: =Calc!C79-Calc!B79
A14: High-current PCB relay (70 A+) | B14: 0 | D14: Each extra Micro3 adds | E14: =Calc!D79-Calc!B79
A15: Options | B15: Value | D15: Each extra Micro PCB relay adds | E15: =Calc!E79-Calc!B79
A16: Relay layout (relative to fuses) | B16: Beside
A17: Cavities per mold | B17: 2
A18: Main housing resin | B18: PA66-GF30
A19: Upper cover resin | B19: PA66-GF30
A20: Lower cover resin | B20: PA66-GF30
A21: Labor rate ($/hr, loaded) | B21: 6
A22: Operators per press | B22: 0.5
A24: Press and machine rate (leave blank to use the rule of thumb)
B25: Main housing | C25: Upper cover | D25: Lower cover
A26: Press used (US t)
A27: Machine rate ($/hr)
A29: Per-part breakdown
B30: Main housing | C30: Upper cover | D30: Lower cover
A31: Resin | B31: =Estimator!$B$18 | C31: =Estimator!$B$19 | D31: =Estimator!$B$20
A32: L (mm) | B32: =Calc!B23 | C32: =Calc!B27 | D32: =Calc!B27
A33: W (mm) | B33: =Calc!B24 | C33: =Calc!B28 | D33: =Calc!B28
A34: H (mm) | B34: =Calc!B25 | C34: =Calc!B29 | D34: =Calc!B30
A35: Volume (cm³) | B35: =Calc!B26/1000 | C35: =Calc!B31/1000 | D35: =Calc!B32/1000
A36: Mass (g) | B36: =Calc!B34 | C36: =Calc!B49 | D36: =Calc!B64
A37: Shot weight incl. runner (g) | B37: =Calc!B37 | C37: =Calc!B52 | D37: =Calc!B67
A38: Material incl. runner | B38: =Calc!B35 | C38: =Calc!B50 | D38: =Calc!B65
A39: Projected area incl. runner (in²) | B39: =Calc!B38 | C39: =Calc!B53 | D39: =Calc!B68
A40: Rule-of-thumb clamp (US t) | B40: =Calc!B39 | C40: =Calc!B54 | D40: =Calc!B69
A41: Rule-of-thumb clamp (metric t) | B41: =Calc!B40 | C41: =Calc!B55 | D41: =Calc!B70
A42: Press used (US t) | B42: =Calc!B41 | C42: =Calc!B56 | D42: =Calc!B71
A43: Machine + labor ($/hr) | B43: =Calc!B44+Calc!B45 | C43: =Calc!B59+Calc!B60 | D43: =Calc!B74+Calc!B75
A44: Cycle time (s) | B44: =Calc!B42 | C44: =Calc!B57 | D44: =Calc!B72
A45: Molding | B45: =Calc!B46 | C45: =Calc!B61 | D45: =Calc!B76
A46: Part cost | B46: =Calc!B47 | C46: =Calc!B62 | D46: =Calc!B77
A48: Not ported from the web page: the to-scale plan view and its cavity-fit warning.

Sheet Assumptions
A1: Assumptions (edit the yellow cells to match your parts)
A2: Values are the defaults from the web estimator. Blue text on yellow = input. A1S footprint is a placeholder until real numbers are available.
A4: Component footprints
A5: Part | B5: L (mm) | C5: W (mm) | D5: H (mm)
A6: Micro2 | B6: 11.5 | C6: 6 | D6: 16
A7: Micro3 | B7: 17 | C7: 6.5 | D7: 15
A8: M-Case | B8: 15 | C8: 10 | D8: 14
A9: A1S (placeholder size) | B9: 20 | C9: 12 | D9: 18
A10: Micro PCB relay (up to 35 A) | B10: 16 | C10: 14 | D10: 15
A11: Mini PCB relay (35-70 A) | B11: 24 | C11: 18 | D11: 22
A12: High-current PCB relay (70 A+) | B12: 32 | C12: 24 | D12: 28
A14: Housing geometry
A15: Packing efficiency (0-1) | B15: 0.65
A16: Connector / stud area (mm²) | B16: 2500
A17: Edge margin (mm) | B17: 6
A18: Aspect ratio L:W | B18: 1.5
A19: Housing wall (mm) | B19: 2.5
A20: Cavity rib (mm) | B20: 1.2
A21: PCB + busbar stack (mm) | B21: 10
A22: Cover wall (mm) | B22: 2
A23: Fuse head above housing (mm) | B23: 8
A24: Cover clearance (mm) | B24: 6
A25: Min lower cover height (mm) | B25: 15
A27: Resins
A28: Resin | B28: Density (g/cm³) | C28: Price ($/kg)
A29: PA66-GF30 | B29: 1.36 | C29: 3.8
A30: PBT-GF30 | B30: 1.53 | C30: 3.2
A31: PP-T20 | B31: 1.05 | C31: 1.8
A33: Molding
A34: Runner volume (% of part volume) | B34: 0.08
A35: Runner projected area (% of part area) | B35: 0.1
A36: Cycle base (s) | B36: 12
A37: Cooling k (s/mm²) | B37: 2
A38: Clamp (US tons/in²) | B38: 3.5
A40: Machine rate bands (machine only, labor is on the Estimator)
A41: Band | B41: Press below (US t) | C41: Machine $/hr
A42: Band 1 | B42: 300 | C42: 45
A43: Band 2 | B43: 500 | C43: 60
A44: Band 3 | B44: 800 | C44: 80
A45: Band 4 | B45: Above | C45: 110
A47: Cycle time = base + k × wall².
A48: Rule-of-thumb clamp (US t) = projected area (in²) × cavities × (1 + runner area %) × tons/in².
A49: Same as the metric form: tonnes = area (cm²) × cavity pressure (kgf/cm²) ÷ 1000 × cavities. 1 US t/in² = 140.6 kgf/cm².
A50: Press used = your press tons on the Estimator if entered, else the rule of thumb. Machine rate comes from the band of the press used unless overridden.
A51: Molding cost per part = (machine rate + labor rate × operators) × cycle ÷ cavities.
A52: Material = part mass × (1 + runner volume %) × $/kg. Shot = (part × cavities) + runner.

Sheet Calc
A1: Calculation engine (no inputs here)
A2: Column B is the estimate. C-E add one part each so the Estimator can show marginal cost.
A3: Line item | B3: Base | C3: +1 Micro2 | D3: +1 Micro3 | E3: +1 Micro PCB relay
A4: Counts
A5: Micro2 count | B5: =Estimator!$B$7+0 | C5: =Estimator!$B$7+1 | D5: =Estimator!$B$7+0 | E5: =Estimator!$B$7+0
A6: Micro3 count | B6: =Estimator!$B$8+0 | C6: =Estimator!$B$8+0 | D6: =Estimator!$B$8+1 | E6: =Estimator!$B$8+0
A7: M-Case count | B7: =Estimator!$B$9+0 | C7: =Estimator!$B$9+0 | D7: =Estimator!$B$9+0 | E7: =Estimator!$B$9+0
A8: A1S (placeholder size) count | B8: =Estimator!$B$10+0 | C8: =Estimator!$B$10+0 | D8: =Estimator!$B$10+0 | E8: =Estimator!$B$10+0
A9: Micro PCB relay (up to 35 A) count | B9: =Estimator!$B$12+0 | C9: =Estimator!$B$12+0 | D9: =Estimator!$B$12+0 | E9: =Estimator!$B$12+1
A10: Mini PCB relay (35-70 A) count | B10: =Estimator!$B$13+0 | C10: =Estimator!$B$13+0 | D10: =Estimator!$B$13+0 | E10: =Estimator!$B$13+0
A11: High-current PCB relay (70 A+) count | B11: =Estimator!$B$14+0 | C11: =Estimator!$B$14+0 | D11: =Estimator!$B$14+0 | E11: =Estimator!$B$14+0
A12: Footprint
A13: Fuse cavity area (mm²) | B13: =B5*Assumptions!$B$6*Assumptions!$C$6+B6*Assumptions!$B$7*Assumptions!$C$7+B7*Assumptions!$B$8*Assumptions!$C$8+B8*Assumptions!$B$9*Assumptions!$C$9 | C13: =C5*Assumptions!$B$6*Assumptions!$C$6+C6*Assumptions!$B$7*Assumptions!$C$7+C7*Assumptions!$B$8*Assumptions!$C$8+C8*Assumptions!$B$9*Assumptions!$C$9 | D13: =D5*Assumptions!$B$6*Assumptions!$C$6+D6*Assumptions!$B$7*Assumptions!$C$7+D7*Assumptions!$B$8*Assumptions!$C$8+D8*Assumptions!$B$9*Assumptions!$C$9 | E13: =E5*Assumptions!$B$6*Assumptions!$C$6+E6*Assumptions!$B$7*Assumptions!$C$7+E7*Assumptions!$B$8*Assumptions!$C$8+E8*Assumptions!$B$9*Assumptions!$C$9
A14: Relay area (mm²) | B14: =B9*Assumptions!$B$10*Assumptions!$C$10+B10*Assumptions!$B$11*Assumptions!$C$11+B11*Assumptions!$B$12*Assumptions!$C$12 | C14: =C9*Assumptions!$B$10*Assumptions!$C$10+C10*Assumptions!$B$11*Assumptions!$C$11+C11*Assumptions!$B$12*Assumptions!$C$12 | D14: =D9*Assumptions!$B$10*Assumptions!$C$10+D10*Assumptions!$B$11*Assumptions!$C$11+D11*Assumptions!$B$12*Assumptions!$C$12 | E14: =E9*Assumptions!$B$10*Assumptions!$C$10+E10*Assumptions!$B$11*Assumptions!$C$11+E11*Assumptions!$B$12*Assumptions!$C$12
A15: Deepest fuse cavity (mm) | B15: =MAX(0,IF(B5>0,Assumptions!$D$6,0),IF(B6>0,Assumptions!$D$7,0),IF(B7>0,Assumptions!$D$8,0),IF(B8>0,Assumptions!$D$9,0)) | C15: =MAX(0,IF(C5>0,Assumptions!$D$6,0),IF(C6>0,Assumptions!$D$7,0),IF(C7>0,Assumptions!$D$8,0),IF(C8>0,Assumptions!$D$9,0)) | D15: =MAX(0,IF(D5>0,Assumptions!$D$6,0),IF(D6>0,Assumptions!$D$7,0),IF(D7>0,Assumptions!$D$8,0),IF(D8>0,Assumptions!$D$9,0)) | E15: =MAX(0,IF(E5>0,Assumptions!$D$6,0),IF(E6>0,Assumptions!$D$7,0),IF(E7>0,Assumptions!$D$8,0),IF(E8>0,Assumptions!$D$9,0))
A16: Tallest relay (mm) | B16: =MAX(0,IF(B9>0,Assumptions!$D$10,0),IF(B10>0,Assumptions!$D$11,0),IF(B11>0,Assumptions!$D$12,0)) | C16: =MAX(0,IF(C9>0,Assumptions!$D$10,0),IF(C10>0,Assumptions!$D$11,0),IF(C11>0,Assumptions!$D$12,0)) | D16: =MAX(0,IF(D9>0,Assumptions!$D$10,0),IF(D10>0,Assumptions!$D$11,0),IF(D11>0,Assumptions!$D$12,0)) | E16: =MAX(0,IF(E9>0,Assumptions!$D$10,0),IF(E10>0,Assumptions!$D$11,0),IF(E11>0,Assumptions!$D$12,0))
A17: Cavity rib volume (mm³) | B17: =B5*(Assumptions!$B$6+Assumptions!$C$6)*Assumptions!$B$20*Assumptions!$D$6+B6*(Assumptions!$B$7+Assumptions!$C$7)*Assumptions!$B$20*Assumptions!$D$7+B7*(Assumptions!$B$8+Assumptions!$C$8)*Assumptions!$B$20*Assumptions!$D$8+B8*(Assumptions!$B$9+Assumptions!$C$9)*Assumptions!$B$20*Assumptions!$D$9 | C17: =C5*(Assumptions!$B$6+Assumptions!$C$6)*Assumptions!$B$20*Assumptions!$D$6+C6*(Assumptions!$B$7+Assumptions!$C$7)*Assumptions!$B$20*Assumptions!$D$7+C7*(Assumptions!$B$8+Assumptions!$C$8)*Assumptions!$B$20*Assumptions!$D$8+C8*(Assumptions!$B$9+Assumptions!$C$9)*Assumptions!$B$20*Assumptions!$D$9 | D17: =D5*(Assumptions!$B$6+Assumptions!$C$6)*Assumptions!$B$20*Assumptions!$D$6+D6*(Assumptions!$B$7+Assumptions!$C$7)*Assumptions!$B$20*Assumptions!$D$7+D7*(Assumptions!$B$8+Assumptions!$C$8)*Assumptions!$B$20*Assumptions!$D$8+D8*(Assumptions!$B$9+Assumptions!$C$9)*Assumptions!$B$20*Assumptions!$D$9 | E17: =E5*(Assumptions!$B$6+Assumptions!$C$6)*Assumptions!$B$20*Assumptions!$D$6+E6*(Assumptions!$B$7+Assumptions!$C$7)*Assumptions!$B$20*Assumptions!$D$7+E7*(Assumptions!$B$8+Assumptions!$C$8)*Assumptions!$B$20*Assumptions!$D$8+E8*(Assumptions!$B$9+Assumptions!$C$9)*Assumptions!$B$20*Assumptions!$D$9
A18: Component area per layout (mm²) | B18: =IF(Estimator!$B$16="Under",MAX(B13,B14),B13+B14) | C18: =IF(Estimator!$B$16="Under",MAX(C13,C14),C13+C14) | D18: =IF(Estimator!$B$16="Under",MAX(D13,D14),D13+D14) | E18: =IF(Estimator!$B$16="Under",MAX(E13,E14),E13+E14)
A19: Usable field area (mm²) | B19: =IF(Assumptions!$B$15>0,B18/Assumptions!$B$15,0)+Assumptions!$B$16 | C19: =IF(Assumptions!$B$15>0,C18/Assumptions!$B$15,0)+Assumptions!$B$16 | D19: =IF(Assumptions!$B$15>0,D18/Assumptions!$B$15,0)+Assumptions!$B$16 | E19: =IF(Assumptions!$B$15>0,E18/Assumptions!$B$15,0)+Assumptions!$B$16
A20: Field width (mm) | B20: =IF(Assumptions!$B$18>0,SQRT(B19/Assumptions!$B$18),0) | C20: =IF(Assumptions!$B$18>0,SQRT(C19/Assumptions!$B$18),0) | D20: =IF(Assumptions!$B$18>0,SQRT(D19/Assumptions!$B$18),0) | E20: =IF(Assumptions!$B$18>0,SQRT(E19/Assumptions!$B$18),0)
A21: Field length (mm) | B21: =B20*Assumptions!$B$18 | C21: =C20*Assumptions!$B$18 | D21: =D20*Assumptions!$B$18 | E21: =E20*Assumptions!$B$18
A22: Part geometry
A23: Housing L (mm) | B23: =B21+2*Assumptions!$B$17+2*Assumptions!$B$19 | C23: =C21+2*Assumptions!$B$17+2*Assumptions!$B$19 | D23: =D21+2*Assumptions!$B$17+2*Assumptions!$B$19 | E23: =E21+2*Assumptions!$B$17+2*Assumptions!$B$19
A24: Housing W (mm) | B24: =B20+2*Assumptions!$B$17+2*Assumptions!$B$19 | C24: =C20+2*Assumptions!$B$17+2*Assumptions!$B$19 | D24: =D20+2*Assumptions!$B$17+2*Assumptions!$B$19 | E24: =E20+2*Assumptions!$B$17+2*Assumptions!$B$19
A25: Housing H (mm) | B25: =B15+Assumptions!$B$21 | C25: =C15+Assumptions!$B$21 | D25: =D15+Assumptions!$B$21 | E25: =E15+Assumptions!$B$21
A26: Housing volume (mm³) | B26: =B23*B24*Assumptions!$B$19+2*(B23+B24)*B25*Assumptions!$B$19+B17 | C26: =C23*C24*Assumptions!$B$19+2*(C23+C24)*C25*Assumptions!$B$19+C17 | D26: =D23*D24*Assumptions!$B$19+2*(D23+D24)*D25*Assumptions!$B$19+D17 | E26: =E23*E24*Assumptions!$B$19+2*(E23+E24)*E25*Assumptions!$B$19+E17
A27: Cover L (mm) | B27: =B23+2*(Assumptions!$B$22+0.5) | C27: =C23+2*(Assumptions!$B$22+0.5) | D27: =D23+2*(Assumptions!$B$22+0.5) | E27: =E23+2*(Assumptions!$B$22+0.5)
A28: Cover W (mm) | B28: =B24+2*(Assumptions!$B$22+0.5) | C28: =C24+2*(Assumptions!$B$22+0.5) | D28: =D24+2*(Assumptions!$B$22+0.5) | E28: =E24+2*(Assumptions!$B$22+0.5)
A29: Upper cover H (mm) | B29: =Assumptions!$B$23+Assumptions!$B$24 | C29: =Assumptions!$B$23+Assumptions!$B$24 | D29: =Assumptions!$B$23+Assumptions!$B$24 | E29: =Assumptions!$B$23+Assumptions!$B$24
A30: Lower cover H (mm) | B30: =MAX(Assumptions!$B$25,B16+Assumptions!$B$24) | C30: =MAX(Assumptions!$B$25,C16+Assumptions!$B$24) | D30: =MAX(Assumptions!$B$25,D16+Assumptions!$B$24) | E30: =MAX(Assumptions!$B$25,E16+Assumptions!$B$24)
A31: Upper cover volume (mm³) | B31: =B27*B28*Assumptions!$B$22+2*(B27+B28)*B29*Assumptions!$B$22 | C31: =C27*C28*Assumptions!$B$22+2*(C27+C28)*C29*Assumptions!$B$22 | D31: =D27*D28*Assumptions!$B$22+2*(D27+D28)*D29*Assumptions!$B$22 | E31: =E27*E28*Assumptions!$B$22+2*(E27+E28)*E29*Assumptions!$B$22
A32: Lower cover volume (mm³) | B32: =B27*B28*Assumptions!$B$22+2*(B27+B28)*B30*Assumptions!$B$22 | C32: =C27*C28*Assumptions!$B$22+2*(C27+C28)*C30*Assumptions!$B$22 | D32: =D27*D28*Assumptions!$B$22+2*(D27+D28)*D30*Assumptions!$B$22 | E32: =E27*E28*Assumptions!$B$22+2*(E27+E28)*E30*Assumptions!$B$22
A33: Main housing
A34: Mass (g) | B34: =B26/1000*INDEX(Assumptions!$B$29:$B$31,MATCH(Estimator!$B$18,Assumptions!$A$29:$A$31,0)) | C34: =C26/1000*INDEX(Assumptions!$B$29:$B$31,MATCH(Estimator!$B$18,Assumptions!$A$29:$A$31,0)) | D34: =D26/1000*INDEX(Assumptions!$B$29:$B$31,MATCH(Estimator!$B$18,Assumptions!$A$29:$A$31,0)) | E34: =E26/1000*INDEX(Assumptions!$B$29:$B$31,MATCH(Estimator!$B$18,Assumptions!$A$29:$A$31,0))
A35: Material incl. runner ($) | B35: =B34/1000*(1+Assumptions!$B$34)*INDEX(Assumptions!$C$29:$C$31,MATCH(Estimator!$B$18,Assumptions!$A$29:$A$31,0)) | C35: =C34/1000*(1+Assumptions!$B$34)*INDEX(Assumptions!$C$29:$C$31,MATCH(Estimator!$B$18,Assumptions!$A$29:$A$31,0)) | D35: =D34/1000*(1+Assumptions!$B$34)*INDEX(Assumptions!$C$29:$C$31,MATCH(Estimator!$B$18,Assumptions!$A$29:$A$31,0)) | E35: =E34/1000*(1+Assumptions!$B$34)*INDEX(Assumptions!$C$29:$C$31,MATCH(Estimator!$B$18,Assumptions!$A$29:$A$31,0))
A36: Shot volume incl. runner (cm³) | B36: =B26/1000*Estimator!$B$17*(1+Assumptions!$B$34) | C36: =C26/1000*Estimator!$B$17*(1+Assumptions!$B$34) | D36: =D26/1000*Estimator!$B$17*(1+Assumptions!$B$34) | E36: =E26/1000*Estimator!$B$17*(1+Assumptions!$B$34)
A37: Shot weight incl. runner (g) | B37: =B34*Estimator!$B$17*(1+Assumptions!$B$34) | C37: =C34*Estimator!$B$17*(1+Assumptions!$B$34) | D37: =D34*Estimator!$B$17*(1+Assumptions!$B$34) | E37: =E34*Estimator!$B$17*(1+Assumptions!$B$34)
A38: Projected area incl. runner (in²) | B38: =B23*B24/645.16*Estimator!$B$17*(1+Assumptions!$B$35) | C38: =C23*C24/645.16*Estimator!$B$17*(1+Assumptions!$B$35) | D38: =D23*D24/645.16*Estimator!$B$17*(1+Assumptions!$B$35) | E38: =E23*E24/645.16*Estimator!$B$17*(1+Assumptions!$B$35)
A39: Rule-of-thumb clamp (US t) | B39: =B38*Assumptions!$B$38 | C39: =C38*Assumptions!$B$38 | D39: =D38*Assumptions!$B$38 | E39: =E38*Assumptions!$B$38
A40: Rule-of-thumb clamp (metric t) | B40: =B39*0.90718474 | C40: =C39*0.90718474 | D40: =D39*0.90718474 | E40: =E39*0.90718474
A41: Press used (US t) | B41: =IF(ISNUMBER(Estimator!$B$26),Estimator!$B$26,B39) | C41: =IF(ISNUMBER(Estimator!$B$26),Estimator!$B$26,C39) | D41: =IF(ISNUMBER(Estimator!$B$26),Estimator!$B$26,D39) | E41: =IF(ISNUMBER(Estimator!$B$26),Estimator!$B$26,E39)
A42: Cycle time (s) | B42: =Assumptions!$B$36+Assumptions!$B$37*Assumptions!$B$19^2 | C42: =Assumptions!$B$36+Assumptions!$B$37*Assumptions!$B$19^2 | D42: =Assumptions!$B$36+Assumptions!$B$37*Assumptions!$B$19^2 | E42: =Assumptions!$B$36+Assumptions!$B$37*Assumptions!$B$19^2
A43: Machine rate from band ($/hr) | B43: =IF(B41<Assumptions!$B$42,Assumptions!$C$42,IF(B41<Assumptions!$B$43,Assumptions!$C$43,IF(B41<Assumptions!$B$44,Assumptions!$C$44,Assumptions!$C$45))) | C43: =IF(C41<Assumptions!$B$42,Assumptions!$C$42,IF(C41<Assumptions!$B$43,Assumptions!$C$43,IF(C41<Assumptions!$B$44,Assumptions!$C$44,Assumptions!$C$45))) | D43: =IF(D41<Assumptions!$B$42,Assumptions!$C$42,IF(D41<Assumptions!$B$43,Assumptions!$C$43,IF(D41<Assumptions!$B$44,Assumptions!$C$44,Assumptions!$C$45))) | E43: =IF(E41<Assumptions!$B$42,Assumptions!$C$42,IF(E41<Assumptions!$B$43,Assumptions!$C$43,IF(E41<Assumptions!$B$44,Assumptions!$C$44,Assumptions!$C$45)))
A44: Machine rate used ($/hr) | B44: =IF(ISNUMBER(Estimator!$B$27),Estimator!$B$27,B43) | C44: =IF(ISNUMBER(Estimator!$B$27),Estimator!$B$27,C43) | D44: =IF(ISNUMBER(Estimator!$B$27),Estimator!$B$27,D43) | E44: =IF(ISNUMBER(Estimator!$B$27),Estimator!$B$27,E43)
A45: Labor ($/hr) | B45: =Estimator!$B$21*Estimator!$B$22 | C45: =Estimator!$B$21*Estimator!$B$22 | D45: =Estimator!$B$21*Estimator!$B$22 | E45: =Estimator!$B$21*Estimator!$B$22
A46: Molding ($) | B46: =(B44+B45)/3600*B42/Estimator!$B$17 | C46: =(C44+C45)/3600*C42/Estimator!$B$17 | D46: =(D44+D45)/3600*D42/Estimator!$B$17 | E46: =(E44+E45)/3600*E42/Estimator!$B$17
A47: Part cost ($) | B47: =B35+B46 | C47: =C35+C46 | D47: =D35+D46 | E47: =E35+E46
A48: Upper cover
A49: Mass (g) | B49: =B31/1000*INDEX(Assumptions!$B$29:$B$31,MATCH(Estimator!$B$19,Assumptions!$A$29:$A$31,0)) | C49: =C31/1000*INDEX(Assumptions!$B$29:$B$31,MATCH(Estimator!$B$19,Assumptions!$A$29:$A$31,0)) | D49: =D31/1000*INDEX(Assumptions!$B$29:$B$31,MATCH(Estimator!$B$19,Assumptions!$A$29:$A$31,0)) | E49: =E31/1000*INDEX(Assumptions!$B$29:$B$31,MATCH(Estimator!$B$19,Assumptions!$A$29:$A$31,0))
A50: Material incl. runner ($) | B50: =B49/1000*(1+Assumptions!$B$34)*INDEX(Assumptions!$C$29:$C$31,MATCH(Estimator!$B$19,Assumptions!$A$29:$A$31,0)) | C50: =C49/1000*(1+Assumptions!$B$34)*INDEX(Assumptions!$C$29:$C$31,MATCH(Estimator!$B$19,Assumptions!$A$29:$A$31,0)) | D50: =D49/1000*(1+Assumptions!$B$34)*INDEX(Assumptions!$C$29:$C$31,MATCH(Estimator!$B$19,Assumptions!$A$29:$A$31,0)) | E50: =E49/1000*(1+Assumptions!$B$34)*INDEX(Assumptions!$C$29:$C$31,MATCH(Estimator!$B$19,Assumptions!$A$29:$A$31,0))
A51: Shot volume incl. runner (cm³) | B51: =B31/1000*Estimator!$B$17*(1+Assumptions!$B$34) | C51: =C31/1000*Estimator!$B$17*(1+Assumptions!$B$34) | D51: =D31/1000*Estimator!$B$17*(1+Assumptions!$B$34) | E51: =E31/1000*Estimator!$B$17*(1+Assumptions!$B$34)
A52: Shot weight incl. runner (g) | B52: =B49*Estimator!$B$17*(1+Assumptions!$B$34) | C52: =C49*Estimator!$B$17*(1+Assumptions!$B$34) | D52: =D49*Estimator!$B$17*(1+Assumptions!$B$34) | E52: =E49*Estimator!$B$17*(1+Assumptions!$B$34)
A53: Projected area incl. runner (in²) | B53: =B27*B28/645.16*Estimator!$B$17*(1+Assumptions!$B$35) | C53: =C27*C28/645.16*Estimator!$B$17*(1+Assumptions!$B$35) | D53: =D27*D28/645.16*Estimator!$B$17*(1+Assumptions!$B$35) | E53: =E27*E28/645.16*Estimator!$B$17*(1+Assumptions!$B$35)
A54: Rule-of-thumb clamp (US t) | B54: =B53*Assumptions!$B$38 | C54: =C53*Assumptions!$B$38 | D54: =D53*Assumptions!$B$38 | E54: =E53*Assumptions!$B$38
A55: Rule-of-thumb clamp (metric t) | B55: =B54*0.90718474 | C55: =C54*0.90718474 | D55: =D54*0.90718474 | E55: =E54*0.90718474
A56: Press used (US t) | B56: =IF(ISNUMBER(Estimator!$C$26),Estimator!$C$26,B54) | C56: =IF(ISNUMBER(Estimator!$C$26),Estimator!$C$26,C54) | D56: =IF(ISNUMBER(Estimator!$C$26),Estimator!$C$26,D54) | E56: =IF(ISNUMBER(Estimator!$C$26),Estimator!$C$26,E54)
A57: Cycle time (s) | B57: =Assumptions!$B$36+Assumptions!$B$37*Assumptions!$B$22^2 | C57: =Assumptions!$B$36+Assumptions!$B$37*Assumptions!$B$22^2 | D57: =Assumptions!$B$36+Assumptions!$B$37*Assumptions!$B$22^2 | E57: =Assumptions!$B$36+Assumptions!$B$37*Assumptions!$B$22^2
A58: Machine rate from band ($/hr) | B58: =IF(B56<Assumptions!$B$42,Assumptions!$C$42,IF(B56<Assumptions!$B$43,Assumptions!$C$43,IF(B56<Assumptions!$B$44,Assumptions!$C$44,Assumptions!$C$45))) | C58: =IF(C56<Assumptions!$B$42,Assumptions!$C$42,IF(C56<Assumptions!$B$43,Assumptions!$C$43,IF(C56<Assumptions!$B$44,Assumptions!$C$44,Assumptions!$C$45))) | D58: =IF(D56<Assumptions!$B$42,Assumptions!$C$42,IF(D56<Assumptions!$B$43,Assumptions!$C$43,IF(D56<Assumptions!$B$44,Assumptions!$C$44,Assumptions!$C$45))) | E58: =IF(E56<Assumptions!$B$42,Assumptions!$C$42,IF(E56<Assumptions!$B$43,Assumptions!$C$43,IF(E56<Assumptions!$B$44,Assumptions!$C$44,Assumptions!$C$45)))
A59: Machine rate used ($/hr) | B59: =IF(ISNUMBER(Estimator!$C$27),Estimator!$C$27,B58) | C59: =IF(ISNUMBER(Estimator!$C$27),Estimator!$C$27,C58) | D59: =IF(ISNUMBER(Estimator!$C$27),Estimator!$C$27,D58) | E59: =IF(ISNUMBER(Estimator!$C$27),Estimator!$C$27,E58)
A60: Labor ($/hr) | B60: =Estimator!$B$21*Estimator!$B$22 | C60: =Estimator!$B$21*Estimator!$B$22 | D60: =Estimator!$B$21*Estimator!$B$22 | E60: =Estimator!$B$21*Estimator!$B$22
A61: Molding ($) | B61: =(B59+B60)/3600*B57/Estimator!$B$17 | C61: =(C59+C60)/3600*C57/Estimator!$B$17 | D61: =(D59+D60)/3600*D57/Estimator!$B$17 | E61: =(E59+E60)/3600*E57/Estimator!$B$17
A62: Part cost ($) | B62: =B50+B61 | C62: =C50+C61 | D62: =D50+D61 | E62: =E50+E61
A63: Lower cover
A64: Mass (g) | B64: =B32/1000*INDEX(Assumptions!$B$29:$B$31,MATCH(Estimator!$B$20,Assumptions!$A$29:$A$31,0)) | C64: =C32/1000*INDEX(Assumptions!$B$29:$B$31,MATCH(Estimator!$B$20,Assumptions!$A$29:$A$31,0)) | D64: =D32/1000*INDEX(Assumptions!$B$29:$B$31,MATCH(Estimator!$B$20,Assumptions!$A$29:$A$31,0)) | E64: =E32/1000*INDEX(Assumptions!$B$29:$B$31,MATCH(Estimator!$B$20,Assumptions!$A$29:$A$31,0))
A65: Material incl. runner ($) | B65: =B64/1000*(1+Assumptions!$B$34)*INDEX(Assumptions!$C$29:$C$31,MATCH(Estimator!$B$20,Assumptions!$A$29:$A$31,0)) | C65: =C64/1000*(1+Assumptions!$B$34)*INDEX(Assumptions!$C$29:$C$31,MATCH(Estimator!$B$20,Assumptions!$A$29:$A$31,0)) | D65: =D64/1000*(1+Assumptions!$B$34)*INDEX(Assumptions!$C$29:$C$31,MATCH(Estimator!$B$20,Assumptions!$A$29:$A$31,0)) | E65: =E64/1000*(1+Assumptions!$B$34)*INDEX(Assumptions!$C$29:$C$31,MATCH(Estimator!$B$20,Assumptions!$A$29:$A$31,0))
A66: Shot volume incl. runner (cm³) | B66: =B32/1000*Estimator!$B$17*(1+Assumptions!$B$34) | C66: =C32/1000*Estimator!$B$17*(1+Assumptions!$B$34) | D66: =D32/1000*Estimator!$B$17*(1+Assumptions!$B$34) | E66: =E32/1000*Estimator!$B$17*(1+Assumptions!$B$34)
A67: Shot weight incl. runner (g) | B67: =B64*Estimator!$B$17*(1+Assumptions!$B$34) | C67: =C64*Estimator!$B$17*(1+Assumptions!$B$34) | D67: =D64*Estimator!$B$17*(1+Assumptions!$B$34) | E67: =E64*Estimator!$B$17*(1+Assumptions!$B$34)
A68: Projected area incl. runner (in²) | B68: =B27*B28/645.16*Estimator!$B$17*(1+Assumptions!$B$35) | C68: =C27*C28/645.16*Estimator!$B$17*(1+Assumptions!$B$35) | D68: =D27*D28/645.16*Estimator!$B$17*(1+Assumptions!$B$35) | E68: =E27*E28/645.16*Estimator!$B$17*(1+Assumptions!$B$35)
A69: Rule-of-thumb clamp (US t) | B69: =B68*Assumptions!$B$38 | C69: =C68*Assumptions!$B$38 | D69: =D68*Assumptions!$B$38 | E69: =E68*Assumptions!$B$38
A70: Rule-of-thumb clamp (metric t) | B70: =B69*0.90718474 | C70: =C69*0.90718474 | D70: =D69*0.90718474 | E70: =E69*0.90718474
A71: Press used (US t) | B71: =IF(ISNUMBER(Estimator!$D$26),Estimator!$D$26,B69) | C71: =IF(ISNUMBER(Estimator!$D$26),Estimator!$D$26,C69) | D71: =IF(ISNUMBER(Estimator!$D$26),Estimator!$D$26,D69) | E71: =IF(ISNUMBER(Estimator!$D$26),Estimator!$D$26,E69)
A72: Cycle time (s) | B72: =Assumptions!$B$36+Assumptions!$B$37*Assumptions!$B$22^2 | C72: =Assumptions!$B$36+Assumptions!$B$37*Assumptions!$B$22^2 | D72: =Assumptions!$B$36+Assumptions!$B$37*Assumptions!$B$22^2 | E72: =Assumptions!$B$36+Assumptions!$B$37*Assumptions!$B$22^2
A73: Machine rate from band ($/hr) | B73: =IF(B71<Assumptions!$B$42,Assumptions!$C$42,IF(B71<Assumptions!$B$43,Assumptions!$C$43,IF(B71<Assumptions!$B$44,Assumptions!$C$44,Assumptions!$C$45))) | C73: =IF(C71<Assumptions!$B$42,Assumptions!$C$42,IF(C71<Assumptions!$B$43,Assumptions!$C$43,IF(C71<Assumptions!$B$44,Assumptions!$C$44,Assumptions!$C$45))) | D73: =IF(D71<Assumptions!$B$42,Assumptions!$C$42,IF(D71<Assumptions!$B$43,Assumptions!$C$43,IF(D71<Assumptions!$B$44,Assumptions!$C$44,Assumptions!$C$45))) | E73: =IF(E71<Assumptions!$B$42,Assumptions!$C$42,IF(E71<Assumptions!$B$43,Assumptions!$C$43,IF(E71<Assumptions!$B$44,Assumptions!$C$44,Assumptions!$C$45)))
A74: Machine rate used ($/hr) | B74: =IF(ISNUMBER(Estimator!$D$27),Estimator!$D$27,B73) | C74: =IF(ISNUMBER(Estimator!$D$27),Estimator!$D$27,C73) | D74: =IF(ISNUMBER(Estimator!$D$27),Estimator!$D$27,D73) | E74: =IF(ISNUMBER(Estimator!$D$27),Estimator!$D$27,E73)
A75: Labor ($/hr) | B75: =Estimator!$B$21*Estimator!$B$22 | C75: =Estimator!$B$21*Estimator!$B$22 | D75: =Estimator!$B$21*Estimator!$B$22 | E75: =Estimator!$B$21*Estimator!$B$22
A76: Molding ($) | B76: =(B74+B75)/3600*B72/Estimator!$B$17 | C76: =(C74+C75)/3600*C72/Estimator!$B$17 | D76: =(D74+D75)/3600*D72/Estimator!$B$17 | E76: =(E74+E75)/3600*E72/Estimator!$B$17
A77: Part cost ($) | B77: =B65+B76 | C77: =C65+C76 | D77: =D65+D76 | E77: =E65+E76
A78: Totals
A79: Plastic cost per EDC set ($) | B79: =B47+B62+B77 | C79: =C47+C62+C77 | D79: =D47+D62+D77 | E79: =E47+E62+E77
A80: Total plastic (g) | B80: =B34+B49+B64 | C80: =C34+C49+C64 | D80: =D34+D49+D64 | E80: =E34+E49+E64
A81: Stack height (mm) | B81: =B25+B29+B30 | C81: =C25+C29+C30 | D81: =D25+D29+D30 | E81: =E25+E29+E30
